Datetime,Water Level (m)
2025-05-08 12:00:00,-0.15050179
2025-05-08 13:00:00,0.010205849
2025-05-08 14:00:00,0.1885913
2025-05-08 15:00:00,0.32451457
2025-05-08 16:00:00,0.4185118
2025-05-08 17:00:00,0.460787
2025-05-08 18:00:00,0.40403157
2025-05-08 19:00:00,0.2544891
2025-05-08 20:00:00,0.10789925
2025-05-08 21:00:00,-0.027738255
2025-05-08 22:00:00,-0.16637209
2025-05-08 23:00:00,-0.28549019
2025-05-09 00:00:00,-0.3577715
2025-05-09 01:00:00,-0.22696866
2025-05-09 02:00:00,0.008934408
2025-05-09 03:00:00,0.21126895
2025-05-09 04:00:00,0.32123396
2025-05-09 05:00:00,0.39354762
2025-05-09 06:00:00,0.416939
2025-05-09 07:00:00,0.33298457
2025-05-09 08:00:00,0.19757292
2025-05-09 09:00:00,0.08188133
2025-05-09 10:00:00,-0.02074975
2025-05-09 11:00:00,-0.13797662
2025-05-09 12:00:00,-0.20712149
2025-05-09 13:00:00,-0.17087138
2025-05-09 14:00:00,0.05771007
2025-05-09 15:00:00,0.2871846
2025-05-09 16:00:00,0.41404855
2025-05-09 17:00:00,0.46802112
2025-05-09 18:00:00,0.4509089
2025-05-09 19:00:00,0.32723847
2025-05-09 20:00:00,0.1655613
2025-05-09 21:00:00,0.03479522
2025-05-09 22:00:00,-0.09044815
2025-05-09 23:00:00,-0.22417669
2025-05-10 00:00:00,-0.33252105
2025-05-10 01:00:00,-0.35378274
2025-05-10 02:00:00,-0.13501924
2025-05-10 03:00:00,0.14144264
2025-05-10 04:00:00,0.33659542
2025-05-10 05:00:00,0.45138058
2025-05-10 06:00:00,0.5230106
2025-05-10 07:00:00,0.49483216
2025-05-10 08:00:00,0.35617086
2025-05-10 09:00:00,0.22235934
2025-05-10 10:00:00,0.11414166
2025-05-10 11:00:00,0.007369423
2025-05-10 12:00:00,-0.09836455
2025-05-10 13:00:00,-0.16968103
2025-05-10 14:00:00,-0.039298415
2025-05-10 15:00:00,0.20786214
2025-05-10 16:00:00,0.40908435
2025-05-10 17:00:00,0.5100739
2025-05-10 18:00:00,0.5367138
2025-05-10 19:00:00,0.4619125
2025-05-10 20:00:00,0.2955905
2025-05-10 21:00:00,0.13940588
2025-05-10 22:00:00,0.014092721
2025-05-10 23:00:00,-0.12402988
2025-05-11 00:00:00,-0.24234872
2025-05-11 01:00:00,-0.33877927
2025-05-11 02:00:00,-0.24199826
2025-05-11 03:00:00,0.043255977
2025-05-11 04:00:00,0.3167295
2025-05-11 05:00:00,0.4803418
2025-05-11 06:00:00,0.5944947
2025-05-11 07:00:00,0.6354639
2025-05-11 08:00:00,0.5372156
2025-05-11 09:00:00,0.36915675
2025-05-11 10:00:00,0.23810571
2025-05-11 11:00:00,0.12089614
2025-05-11 12:00:00,0.011764735
2025-05-11 13:00:00,-0.08866962
2025-05-11 14:00:00,-0.0997523
2025-05-11 15:00:00,0.12484241
2025-05-11 16:00:00,0.39147776
2025-05-11 17:00:00,0.542947
2025-05-11 18:00:00,0.60364336
2025-05-11 19:00:00,0.5735406
2025-05-11 20:00:00,0.44482577
2025-05-11 21:00:00,0.27756584
2025-05-11 22:00:00,0.14298634
2025-05-11 23:00:00,0.014434637
2025-05-12 00:00:00,-0.12472577
2025-05-12 01:00:00,-0.23830388
2025-05-12 02:00:00,-0.2768115
2025-05-12 03:00:00,-0.05914536
2025-05-12 04:00:00,0.24924667
2025-05-12 05:00:00,0.47507036
2025-05-12 06:00:00,0.6382037
2025-05-12 07:00:00,0.7242934
2025-05-12 08:00:00,0.700006
2025-05-12 09:00:00,0.5367062
2025-05-12 10:00:00,0.37989447
2025-05-12 11:00:00,0.2567022
2025-05-12 12:00:00,0.13955976
2025-05-12 13:00:00,0.025170056
2025-05-12 14:00:00,-0.069582
2025-05-12 15:00:00,0.0033971132
2025-05-12 16:00:00,0.26646802
2025-05-12 17:00:00,0.50189656
2025-05-12 18:00:00,0.6113195
2025-05-12 19:00:00,0.6288475
2025-05-12 20:00:00,0.55566347
2025-05-12 21:00:00,0.39523757
2025-05-12 22:00:00,0.25015697
2025-05-12 23:00:00,0.1338773
2025-05-13 00:00:00,0.009812774
2025-05-13 01:00:00,-0.11902801
2025-05-13 02:00:00,-0.2022532
2025-05-13 03:00:00,-0.081235126
2025-05-13 04:00:00,0.2071047
2025-05-13 05:00:00,0.47906083
2025-05-13 06:00:00,0.66586465
2025-05-13 07:00:00,0.78612953
2025-05-13 08:00:00,0.82058114
2025-05-13 09:00:00,0.7174908
2025-05-13 10:00:00,0.5474414
2025-05-13 11:00:00,0.42047474
2025-05-13 12:00:00,0.3015194
2025-05-13 13:00:00,0.19007951
2025-05-13 14:00:00,0.07995237
2025-05-13 15:00:00,0.039682057
2025-05-13 16:00:00,0.21734124
2025-05-13 17:00:00,0.4708924
2025-05-13 18:00:00,0.63244975
2025-05-13 19:00:00,0.681727
2025-05-13 20:00:00,0.6328689
2025-05-13 21:00:00,0.4816291
2025-05-13 22:00:00,0.31939042
2025-05-13 23:00:00,0.18881269
2025-05-14 00:00:00,0.064607464
2025-05-14 01:00:00,-0.05912699
2025-05-14 02:00:00,-0.17985885
2025-05-14 03:00:00,-0.20618048
2025-05-14 04:00:00,0.031365037
2025-05-14 05:00:00,0.34614795
2025-05-14 06:00:00,0.58589804
2025-05-14 07:00:00,0.7498053
2025-05-14 08:00:00,0.8413693
2025-05-14 09:00:00,0.80764484
2025-05-14 10:00:00,0.6403626
2025-05-14 11:00:00,0.4919736
2025-05-14 12:00:00,0.36848372
